[{"model": "contenttypes.contenttype", "pk": 1, "fields": {"app_label": "admin", "model": "logentry"}}, {"model": "contenttypes.contenttype", "pk": 2, "fields": {"app_label": "auth", "model": "permission"}}, {"model": "contenttypes.contenttype", "pk": 3, "fields": {"app_label": "auth", "model": "group"}}, {"model": "contenttypes.contenttype", "pk": 4, "fields": {"app_label": "auth", "model": "user"}}, {"model": "contenttypes.contenttype", "pk": 5, "fields": {"app_label": "contenttypes", "model": "contenttype"}}, {"model": "contenttypes.contenttype", "pk": 6, "fields": {"app_label": "sessions", "model": "session"}}, {"model": "contenttypes.contenttype", "pk": 7, "fields": {"app_label": "app", "model": "author"}}, {"model": "contenttypes.contenttype", "pk": 8, "fields": {"app_label": "app", "model": "publisher"}}, {"model": "contenttypes.contenttype", "pk": 9, "fields": {"app_label": "app", "model": "tag"}}, {"model": "contenttypes.contenttype", "pk": 10, "fields": {"app_label": "app", "model": "book"}}, {"model": "app.publisher", "pk": 1, "fields": {"name": "pub", "info": null, "address": "", "city": "", "state_province": "", "country": "", "website": ""}}, {"model": "app.publisher", "pk": 2, "fields": {"name": "pub 0", "info": null, "address": "", "city": "", "state_province": "", "country": "", "website": ""}}, {"model": "app.publisher", "pk": 3, "fields": {"name": "pub 1", "info": null, "address": "", "city": "", "state_province": "", "country": "", "website": ""}}, {"model": "app.publisher", "pk": 4, "fields": {"name": "pub 2", "info": null, "address": "", "city": "", "state_province": "", "country": "", "website": ""}}, {"model": "app.publisher", "pk": 5, "fields": {"name": "pub 3", "info": null, "address": "", "city": "", "state_province": "", "country": "", "website": ""}}, {"model": "app.publisher", "pk": 6, "fields": {"name": "pub 4", "info": null, "address": "", "city": "", "state_province": "", "country": "", "website": ""}}, {"model": "app.author", "pk": 1, "fields": {"salutation": "", "name": "foo", "email": "", "headshot": ""}}, {"model": "app.author", "pk": 2, "fields": {"salutation": "", "name": "author 0", "email": "", "headshot": ""}}, {"model": "app.author", "pk": 3, "fields": {"salutation": "", "name": "author 1", "email": "", "headshot": ""}}, {"model": "app.author", "pk": 4, "fields": {"salutation": "", "name": "author 2", "email": "", "headshot": ""}}, {"model": "app.author", "pk": 5, "fields": {"salutation": "", "name": "author 3", "email": "", "headshot": ""}}, {"model": "app.author", "pk": 6, "fields": {"salutation": "", "name": "author 4", "email": "", "headshot": ""}}, {"model": "app.tag", "pk": 1, "fields": {"title": "test"}}, {"model": "app.book", "pk": 1, "fields": {"title": "book1", "description": null, "summary": null, "publisher": 1, "publication_date": "2019-12-05", "state": "not_published", "isbn": "12497262jh", "price": "666.00", "pages": 200, "stock_count": 30, "authors": [2], "tags": [1]}}, {"model": "app.book", "pk": 2, "fields": {"title": "Book 0", "description": null, "summary": null, "publisher": 4, "publication_date": "2019-12-05", "state": "in_progress", "isbn": "af", "price": "373.00", "pages": 200, "stock_count": 30, "authors": [3, 6], "tags": []}}, {"model": "app.book", "pk": 3, "fields": {"title": "Book 0", "description": null, "summary": null, "publisher": 2, "publication_date": "2019-12-05", "state": "published", "isbn": "20769504", "price": "124.00", "pages": 200, "stock_count": 30, "authors": [3, 4, 5], "tags": []}}, {"model": "app.book", "pk": 4, "fields": {"title": "Book 1", "description": null, "summary": null, "publisher": 5, "publication_date": "2019-12-05", "state": "rejected", "isbn": "13420336", "price": "73.00", "pages": 200, "stock_count": 30, "authors": [2, 4], "tags": []}}, {"model": "app.book", "pk": 5, "fields": {"title": "Book 2", "description": null, "summary": null, "publisher": 6, "publication_date": "2019-12-05", "state": "published", "isbn": "12497262", "price": "604.00", "pages": 200, "stock_count": 30, "authors": [2, 4, 5], "tags": []}}, {"model": "app.book", "pk": 6, "fields": {"title": "Book 3", "description": null, "summary": null, "publisher": 3, "publication_date": "2019-12-05", "state": "published", "isbn": "22093667", "price": "83.00", "pages": 200, "stock_count": 30, "authors": [5], "tags": []}}, {"model": "app.book", "pk": 7, "fields": {"title": "Book 4", "description": null, "summary": null, "publisher": 6, "publication_date": "2019-12-05", "state": "in_progress", "isbn": "5315195", "price": "130.00", "pages": 200, "stock_count": 30, "authors": [2, 3], "tags": []}}, {"model": "app.book", "pk": 8, "fields": {"title": "Book 5", "description": null, "summary": null, "publisher": 4, "publication_date": "2019-12-05", "state": "cancelled", "isbn": "22520749", "price": "16.00", "pages": 200, "stock_count": 30, "authors": [4], "tags": []}}, {"model": "app.book", "pk": 9, "fields": {"title": "Book 6", "description": null, "summary": null, "publisher": 4, "publication_date": "2019-12-05", "state": "not_published", "isbn": "2326217", "price": "2.00", "pages": 200, "stock_count": 30, "authors": [2], "tags": []}}, {"model": "app.book", "pk": 10, "fields": {"title": "Book 7", "description": null, "summary": null, "publisher": 4, "publication_date": "2019-12-05", "state": "in_progress", "isbn": "8079172", "price": "514.00", "pages": 200, "stock_count": 30, "authors": [3, 4, 5], "tags": []}}, {"model": "app.book", "pk": 11, "fields": {"title": "Book 8", "description": null, "summary": null, "publisher": 4, "publication_date": "2019-12-05", "state": "not_published", "isbn": "14415379", "price": "396.00", "pages": 200, "stock_count": 30, "authors": [4], "tags": []}}, {"model": "app.book", "pk": 12, "fields": {"title": "Book 9", "description": null, "summary": null, "publisher": 2, "publication_date": "2019-12-05", "state": "published", "isbn": "5419671", "price": "568.00", "pages": 200, "stock_count": 30, "authors": [2, 6], "tags": []}}, {"model": "app.book", "pk": 13, "fields": {"title": "Book 10", "description": null, "summary": null, "publisher": 3, "publication_date": "2019-12-05", "state": "published", "isbn": "2307138", "price": "345.00", "pages": 200, "stock_count": 30, "authors": [5, 6], "tags": []}}, {"model": "app.book", "pk": 14, "fields": {"title": "Book 11", "description": null, "summary": null, "publisher": 3, "publication_date": "2019-12-05", "state": "published", "isbn": "19851838", "price": "280.00", "pages": 200, "stock_count": 30, "authors": [2, 3], "tags": []}}, {"model": "app.book", "pk": 15, "fields": {"title": "Book 12", "description": null, "summary": null, "publisher": 3, "publication_date": "2019-12-05", "state": "not_published", "isbn": "8354189", "price": "237.00", "pages": 200, "stock_count": 30, "authors": [6], "tags": []}}, {"model": "app.book", "pk": 16, "fields": {"title": "Book 13", "description": null, "summary": null, "publisher": 4, "publication_date": "2019-12-05", "state": "rejected", "isbn": "19188079", "price": "126.00", "pages": 200, "stock_count": 30, "authors": [2], "tags": []}}, {"model": "app.book", "pk": 17, "fields": {"title": "Book 14", "description": null, "summary": null, "publisher": 4, "publication_date": "2019-12-05", "state": "not_published", "isbn": "10109671", "price": "515.00", "pages": 200, "stock_count": 30, "authors": [4, 6], "tags": []}}, {"model": "app.book", "pk": 18, "fields": {"title": "Book 15", "description": null, "summary": null, "publisher": 5, "publication_date": "2019-12-05", "state": "cancelled", "isbn": "436908", "price": "538.00", "pages": 200, "stock_count": 30, "authors": [4, 5, 6], "tags": []}}, {"model": "app.book", "pk": 19, "fields": {"title": "Book 16", "description": null, "summary": null, "publisher": 6, "publication_date": "2019-12-05", "state": "rejected", "isbn": "16138034", "price": "451.00", "pages": 200, "stock_count": 30, "authors": [2, 3, 6], "tags": []}}, {"model": "app.book", "pk": 20, "fields": {"title": "Book 17", "description": null, "summary": null, "publisher": 5, "publication_date": "2019-12-05", "state": "not_published", "isbn": "23158642", "price": "546.00", "pages": 200, "stock_count": 30, "authors": [2, 3, 5], "tags": []}}, {"model": "app.book", "pk": 21, "fields": {"title": "Book 18", "description": null, "summary": null, "publisher": 2, "publication_date": "2019-12-05", "state": "cancelled", "isbn": "14273532", "price": "520.00", "pages": 200, "stock_count": 30, "authors": [3, 5], "tags": []}}, {"model": "app.book", "pk": 22, "fields": {"title": "Book 19", "description": null, "summary": null, "publisher": 3, "publication_date": "2019-12-05", "state": "rejected", "isbn": "9147370", "price": "63.00", "pages": 200, "stock_count": 30, "authors": [3], "tags": []}}, {"model": "app.book", "pk": 23, "fields": {"title": "test", "description": "test", "summary": "", "publisher": 3, "publication_date": "2021-11-11", "state": "not_published", "isbn": "lhkl", "price": "450.00", "pages": 200, "stock_count": 30, "authors": [6], "tags": []}}, {"model": "app.book", "pk": 24, "fields": {"title": "Book 50", "description": null, "summary": null, "publisher": 3, "publication_date": "2019-12-07", "state": "cancelled", "isbn": "", "price": "228.00", "pages": 200, "stock_count": 30, "authors": [], "tags": []}}, {"model": "app.book", "pk": 25, "fields": {"title": "Book 138", "description": null, "summary": null, "publisher": 2, "publication_date": "2019-12-07", "state": "published", "isbn": "3908906925", "price": "293.00", "pages": 200, "stock_count": 30, "authors": [], "tags": []}}, {"model": "app.book", "pk": 26, "fields": {"title": "Book 92", "description": null, "summary": null, "publisher": 6, "publication_date": "2019-12-07", "state": "published", "isbn": "3622523498", "price": "141.00", "pages": 200, "stock_count": 30, "authors": [], "tags": []}}, {"model": "app.book", "pk": 27, "fields": {"title": "Book 8", "description": null, "summary": null, "publisher": 5, "publication_date": "2019-12-07", "state": "not_published", "isbn": "2697533351", "price": "238.00", "pages": 200, "stock_count": 30, "authors": [], "tags": []}}, {"model": "app.book", "pk": 28, "fields": {"title": "Book 569", "description": null, "summary": null, "publisher": 4, "publication_date": "2019-12-07", "state": "rejected", "isbn": "973455945", "price": "276.00", "pages": 200, "stock_count": 30, "authors": [], "tags": []}}, {"model": "app.book", "pk": 29, "fields": {"title": "Book 252", "description": null, "summary": null, "publisher": 2, "publication_date": "2019-12-07", "state": "not_published", "isbn": "4005146941", "price": "265.00", "pages": 200, "stock_count": 30, "authors": [], "tags": []}}, {"model": "app.book", "pk": 30, "fields": {"title": "Book 205", "description": null, "summary": null, "publisher": 4, "publication_date": "2019-12-07", "state": "published", "isbn": "4266670503", "price": "135.00", "pages": 200, "stock_count": 30, "authors": [], "tags": []}}, {"model": "app.book", "pk": 31, "fields": {"title": "Book 474", "description": null, "summary": null, "publisher": 4, "publication_date": "2019-12-07", "state": "published", "isbn": "1636374682", "price": "161.00", "pages": 200, "stock_count": 30, "authors": [], "tags": []}}, {"model": "app.book", "pk": 32, "fields": {"title": "Book 644", "description": null, "summary": null, "publisher": 3, "publication_date": "2019-12-07", "state": "published", "isbn": "3782594209", "price": "130.00", "pages": 200, "stock_count": 30, "authors": [], "tags": []}}, {"model": "app.book", "pk": 33, "fields": {"title": "Book 389", "description": null, "summary": null, "publisher": 2, "publication_date": "2019-12-07", "state": "rejected", "isbn": "4376744895", "price": "239.00", "pages": 200, "stock_count": 30, "authors": [], "tags": []}}, {"model": "app.book", "pk": 34, "fields": {"title": "Book 548", "description": null, "summary": null, "publisher": 2, "publication_date": "2019-12-07", "state": "in_progress", "isbn": "3666168373", "price": "253.00", "pages": 200, "stock_count": 30, "authors": [], "tags": []}}, {"model": "app.book", "pk": 35, "fields": {"title": "Book 573", "description": null, "summary": null, "publisher": 1, "publication_date": "2019-12-07", "state": "rejected", "isbn": "2244720585", "price": "159.00", "pages": 200, "stock_count": 30, "authors": [], "tags": []}}, {"model": "app.book", "pk": 36, "fields": {"title": "Book 462", "description": null, "summary": null, "publisher": 2, "publication_date": "2019-12-07", "state": "in_progress", "isbn": "706635464", "price": "208.00", "pages": 200, "stock_count": 30, "authors": [], "tags": []}}, {"model": "app.book", "pk": 37, "fields": {"title": "Book 557", "description": null, "summary": null, "publisher": 2, "publication_date": "2019-12-07", "state": "published", "isbn": "4303455244", "price": "225.00", "pages": 200, "stock_count": 30, "authors": [], "tags": []}}, {"model": "app.book", "pk": 38, "fields": {"title": "Book 310", "description": null, "summary": null, "publisher": 6, "publication_date": "2019-12-07", "state": "cancelled", "isbn": "3741215712", "price": "259.00", "pages": 200, "stock_count": 30, "authors": [], "tags": []}}, {"model": "app.book", "pk": 39, "fields": {"title": "Book 184", "description": null, "summary": null, "publisher": 3, "publication_date": "2019-12-07", "state": "cancelled", "isbn": "1350655306", "price": "149.00", "pages": 200, "stock_count": 30, "authors": [], "tags": []}}, {"model": "app.book", "pk": 40, "fields": {"title": "Book 441", "description": null, "summary": null, "publisher": 4, "publication_date": "2019-12-07", "state": "cancelled", "isbn": "4236205213", "price": "120.00", "pages": 200, "stock_count": 30, "authors": [], "tags": []}}, {"model": "app.book", "pk": 41, "fields": {"title": "Book 455", "description": null, "summary": null, "publisher": 5, "publication_date": "2019-12-07", "state": "cancelled", "isbn": "3493421851", "price": "253.00", "pages": 200, "stock_count": 30, "authors": [], "tags": []}}, {"model": "app.book", "pk": 42, "fields": {"title": "Book 53", "description": null, "summary": null, "publisher": 4, "publication_date": "2019-12-07", "state": "published", "isbn": "2742011200", "price": "225.00", "pages": 200, "stock_count": 30, "authors": [], "tags": []}}, {"model": "app.book", "pk": 43, "fields": {"title": "Book 43", "description": null, "summary": null, "publisher": 3, "publication_date": "2019-12-07", "state": "rejected", "isbn": "1450692246", "price": "273.00", "pages": 200, "stock_count": 30, "authors": [], "tags": []}}, {"model": "app.book", "pk": 44, "fields": {"title": "Book 338", "description": null, "summary": null, "publisher": 6, "publication_date": "2019-12-07", "state": "cancelled", "isbn": "1202132787", "price": "236.00", "pages": 200, "stock_count": 30, "authors": [], "tags": []}}, {"model": "app.book", "pk": 45, "fields": {"title": "Book 120", "description": null, "summary": null, "publisher": 4, "publication_date": "2019-12-07", "state": "not_published", "isbn": "530480968", "price": "141.00", "pages": 200, "stock_count": 30, "authors": [], "tags": []}}, {"model": "app.book", "pk": 46, "fields": {"title": "Book 440", "description": null, "summary": null, "publisher": 4, "publication_date": "2019-12-07", "state": "not_published", "isbn": "4502985402", "price": "254.00", "pages": 200, "stock_count": 30, "authors": [], "tags": []}}, {"model": "app.book", "pk": 47, "fields": {"title": "Book 113", "description": null, "summary": null, "publisher": 3, "publication_date": "2019-12-07", "state": "published", "isbn": "3961541055", "price": "253.00", "pages": 200, "stock_count": 30, "authors": [], "tags": []}}, {"model": "app.book", "pk": 48, "fields": {"title": "Book 246", "description": null, "summary": null, "publisher": 5, "publication_date": "2019-12-07", "state": "in_progress", "isbn": "1559554324", "price": "268.00", "pages": 200, "stock_count": 30, "authors": [], "tags": []}}, {"model": "app.book", "pk": 49, "fields": {"title": "Book 409", "description": null, "summary": null, "publisher": 3, "publication_date": "2019-12-07", "state": "in_progress", "isbn": "1539384171", "price": "265.00", "pages": 200, "stock_count": 30, "authors": [], "tags": []}}, {"model": "app.book", "pk": 50, "fields": {"title": "Book 490", "description": null, "summary": null, "publisher": 6, "publication_date": "2019-12-07", "state": "cancelled", "isbn": "4146290916", "price": "182.00", "pages": 200, "stock_count": 30, "authors": [], "tags": []}}, {"model": "app.book", "pk": 51, "fields": {"title": "Book 267", "description": null, "summary": null, "publisher": 3, "publication_date": "2019-12-07", "state": "published", "isbn": "526085384", "price": "189.00", "pages": 200, "stock_count": 30, "authors": [], "tags": []}}, {"model": "app.book", "pk": 52, "fields": {"title": "Book 282", "description": null, "summary": null, "publisher": 5, "publication_date": "2019-12-07", "state": "cancelled", "isbn": "2907655018", "price": "238.00", "pages": 200, "stock_count": 30, "authors": [], "tags": []}}, {"model": "app.book", "pk": 53, "fields": {"title": "Book 222", "description": null, "summary": null, "publisher": 5, "publication_date": "2019-12-07", "state": "in_progress", "isbn": "3858382013", "price": "230.00", "pages": 200, "stock_count": 30, "authors": [], "tags": []}}, {"model": "app.book", "pk": 54, "fields": {"title": "Book 388", "description": null, "summary": null, "publisher": 3, "publication_date": "2019-12-07", "state": "cancelled", "isbn": "3136733695", "price": "112.00", "pages": 200, "stock_count": 30, "authors": [], "tags": []}}, {"model": "app.book", "pk": 55, "fields": {"title": "Book 468", "description": null, "summary": null, "publisher": 1, "publication_date": "2019-12-07", "state": "published", "isbn": "3546351433", "price": "295.00", "pages": 200, "stock_count": 30, "authors": [], "tags": []}}, {"model": "app.book", "pk": 56, "fields": {"title": "Book 299", "description": null, "summary": null, "publisher": 1, "publication_date": "2019-12-07", "state": "published", "isbn": "2304941631", "price": "267.00", "pages": 200, "stock_count": 30, "authors": [], "tags": []}}, {"model": "app.book", "pk": 57, "fields": {"title": "Book 122", "description": null, "summary": null, "publisher": 2, "publication_date": "2019-12-07", "state": "rejected", "isbn": "1706547482", "price": "174.00", "pages": 200, "stock_count": 30, "authors": [], "tags": []}}, {"model": "app.book", "pk": 58, "fields": {"title": "Book 387", "description": null, "summary": null, "publisher": 1, "publication_date": "2019-12-07", "state": "not_published", "isbn": "407767602", "price": "183.00", "pages": 200, "stock_count": 30, "authors": [], "tags": []}}, {"model": "app.book", "pk": 59, "fields": {"title": "Book 211", "description": null, "summary": null, "publisher": 4, "publication_date": "2019-12-07", "state": "cancelled", "isbn": "58003378", "price": "213.00", "pages": 200, "stock_count": 30, "authors": [], "tags": []}}, {"model": "app.book", "pk": 60, "fields": {"title": "Book 131", "description": null, "summary": null, "publisher": 2, "publication_date": "2019-12-07", "state": "rejected", "isbn": "1989622189", "price": "261.00", "pages": 200, "stock_count": 30, "authors": [], "tags": []}}, {"model": "app.book", "pk": 61, "fields": {"title": "Book 285", "description": null, "summary": null, "publisher": 5, "publication_date": "2019-12-07", "state": "in_progress", "isbn": "1789940748", "price": "262.00", "pages": 200, "stock_count": 30, "authors": [], "tags": []}}, {"model": "app.book", "pk": 62, "fields": {"title": "Book 242", "description": null, "summary": null, "publisher": 5, "publication_date": "2019-12-07", "state": "not_published", "isbn": "32716051", "price": "198.00", "pages": 200, "stock_count": 30, "authors": [], "tags": []}}, {"model": "app.book", "pk": 63, "fields": {"title": "Book 507", "description": null, "summary": null, "publisher": 3, "publication_date": "2019-12-07", "state": "not_published", "isbn": "2239748079", "price": "175.00", "pages": 200, "stock_count": 30, "authors": [], "tags": []}}, {"model": "app.book", "pk": 64, "fields": {"title": "Book 136", "description": null, "summary": null, "publisher": 3, "publication_date": "2019-12-07", "state": "cancelled", "isbn": "3971286246", "price": "200.00", "pages": 200, "stock_count": 30, "authors": [], "tags": []}}, {"model": "app.book", "pk": 65, "fields": {"title": "Book 262", "description": null, "summary": null, "publisher": 6, "publication_date": "2019-12-07", "state": "published", "isbn": "3245153118", "price": "149.00", "pages": 200, "stock_count": 30, "authors": [], "tags": []}}, {"model": "app.book", "pk": 66, "fields": {"title": "Book 60", "description": null, "summary": null, "publisher": 6, "publication_date": "2019-12-07", "state": "rejected", "isbn": "930147984", "price": "167.00", "pages": 200, "stock_count": 30, "authors": [], "tags": []}}, {"model": "app.book", "pk": 67, "fields": {"title": "Book 499", "description": null, "summary": null, "publisher": 1, "publication_date": "2019-12-07", "state": "rejected", "isbn": "3829632364", "price": "286.00", "pages": 200, "stock_count": 30, "authors": [], "tags": []}}, {"model": "app.book", "pk": 68, "fields": {"title": "Book 299", "description": null, "summary": null, "publisher": 1, "publication_date": "2019-12-07", "state": "cancelled", "isbn": "903746640", "price": "296.00", "pages": 200, "stock_count": 30, "authors": [], "tags": []}}, {"model": "app.book", "pk": 69, "fields": {"title": "Book 481", "description": null, "summary": null, "publisher": 1, "publication_date": "2019-12-07", "state": "in_progress", "isbn": "1259523406", "price": "159.00", "pages": 200, "stock_count": 30, "authors": [], "tags": []}}, {"model": "app.book", "pk": 70, "fields": {"title": "Book 343", "description": null, "summary": null, "publisher": 6, "publication_date": "2019-12-07", "state": "published", "isbn": "3493947088", "price": "136.00", "pages": 200, "stock_count": 30, "authors": [], "tags": []}}, {"model": "app.book", "pk": 71, "fields": {"title": "Book 94", "description": null, "summary": null, "publisher": 3, "publication_date": "2019-12-07", "state": "rejected", "isbn": "485369794", "price": "288.00", "pages": 200, "stock_count": 30, "authors": [], "tags": []}}, {"model": "app.book", "pk": 72, "fields": {"title": "Book 89", "description": null, "summary": null, "publisher": 6, "publication_date": "2019-12-07", "state": "in_progress", "isbn": "548476911", "price": "276.00", "pages": 200, "stock_count": 30, "authors": [], "tags": []}}, {"model": "app.book", "pk": 73, "fields": {"title": "Book 551", "description": null, "summary": null, "publisher": 2, "publication_date": "2019-12-07", "state": "not_published", "isbn": "3317243520", "price": "296.00", "pages": 200, "stock_count": 30, "authors": [], "tags": []}}, {"model": "app.book", "pk": 74, "fields": {"title": "Book 314", "description": null, "summary": null, "publisher": 3, "publication_date": "2019-12-07", "state": "not_published", "isbn": "2403125349", "price": "113.00", "pages": 200, "stock_count": 30, "authors": [], "tags": []}}, {"model": "app.book", "pk": 75, "fields": {"title": "Book 346", "description": null, "summary": null, "publisher": 6, "publication_date": "2019-12-07", "state": "not_published", "isbn": "305212700", "price": "207.00", "pages": 200, "stock_count": 30, "authors": [], "tags": []}}, {"model": "app.book", "pk": 76, "fields": {"title": "Book 605", "description": null, "summary": null, "publisher": 6, "publication_date": "2019-12-07", "state": "in_progress", "isbn": "3382450607", "price": "116.00", "pages": 200, "stock_count": 30, "authors": [], "tags": []}}, {"model": "app.book", "pk": 77, "fields": {"title": "Book 75", "description": null, "summary": null, "publisher": 1, "publication_date": "2019-12-07", "state": "published", "isbn": "2172273198", "price": "127.00", "pages": 200, "stock_count": 30, "authors": [], "tags": []}}, {"model": "app.book", "pk": 78, "fields": {"title": "Book 173", "description": null, "summary": null, "publisher": 5, "publication_date": "2019-12-07", "state": "in_progress", "isbn": "1895290800", "price": "102.00", "pages": 200, "stock_count": 30, "authors": [], "tags": []}}, {"model": "app.book", "pk": 79, "fields": {"title": "Book 405", "description": null, "summary": null, "publisher": 5, "publication_date": "2019-12-07", "state": "not_published", "isbn": "175482676", "price": "299.00", "pages": 200, "stock_count": 30, "authors": [], "tags": []}}, {"model": "app.book", "pk": 80, "fields": {"title": "Book 468", "description": null, "summary": null, "publisher": 4, "publication_date": "2019-12-07", "state": "rejected", "isbn": "2200606067", "price": "215.00", "pages": 200, "stock_count": 30, "authors": [], "tags": []}}, {"model": "app.book", "pk": 81, "fields": {"title": "Book 231", "description": null, "summary": null, "publisher": 5, "publication_date": "2019-12-07", "state": "in_progress", "isbn": "2474993215", "price": "133.00", "pages": 200, "stock_count": 30, "authors": [], "tags": []}}, {"model": "app.book", "pk": 82, "fields": {"title": "Book 376", "description": null, "summary": null, "publisher": 1, "publication_date": "2019-12-07", "state": "in_progress", "isbn": "497455977", "price": "132.00", "pages": 200, "stock_count": 30, "authors": [], "tags": []}}, {"model": "app.book", "pk": 83, "fields": {"title": "Book 108", "description": null, "summary": null, "publisher": 1, "publication_date": "2019-12-07", "state": "cancelled", "isbn": "3692364096", "price": "148.00", "pages": 200, "stock_count": 30, "authors": [], "tags": []}}, {"model": "app.book", "pk": 84, "fields": {"title": "Book 396", "description": null, "summary": null, "publisher": 4, "publication_date": "2019-12-07", "state": "cancelled", "isbn": "3465788080", "price": "208.00", "pages": 200, "stock_count": 30, "authors": [], "tags": []}}, {"model": "app.book", "pk": 85, "fields": {"title": "Book 108", "description": null, "summary": null, "publisher": 6, "publication_date": "2019-12-07", "state": "cancelled", "isbn": "4349085362", "price": "254.00", "pages": 200, "stock_count": 30, "authors": [], "tags": []}}, {"model": "app.book", "pk": 86, "fields": {"title": "Book 185", "description": null, "summary": null, "publisher": 2, "publication_date": "2019-12-07", "state": "not_published", "isbn": "546034329", "price": "162.00", "pages": 200, "stock_count": 30, "authors": [], "tags": []}}, {"model": "app.book", "pk": 87, "fields": {"title": "Book 108", "description": null, "summary": null, "publisher": 1, "publication_date": "2019-12-07", "state": "in_progress", "isbn": "4247615687", "price": "242.00", "pages": 200, "stock_count": 30, "authors": [], "tags": []}}, {"model": "app.book", "pk": 88, "fields": {"title": "Book 584", "description": null, "summary": null, "publisher": 5, "publication_date": "2019-12-07", "state": "cancelled", "isbn": "3821977514", "price": "209.00", "pages": 200, "stock_count": 30, "authors": [], "tags": []}}, {"model": "app.book", "pk": 89, "fields": {"title": "Book 502", "description": null, "summary": null, "publisher": 5, "publication_date": "2019-12-07", "state": "cancelled", "isbn": "1636849463", "price": "300.00", "pages": 200, "stock_count": 30, "authors": [], "tags": []}}, {"model": "app.book", "pk": 90, "fields": {"title": "Book 296", "description": null, "summary": null, "publisher": 2, "publication_date": "2019-12-07", "state": "in_progress", "isbn": "3045659812", "price": "183.00", "pages": 200, "stock_count": 30, "authors": [], "tags": []}}, {"model": "app.book", "pk": 91, "fields": {"title": "Book 292", "description": null, "summary": null, "publisher": 2, "publication_date": "2019-12-07", "state": "not_published", "isbn": "907566151", "price": "247.00", "pages": 200, "stock_count": 30, "authors": [], "tags": []}}, {"model": "app.book", "pk": 92, "fields": {"title": "Book 227", "description": null, "summary": null, "publisher": 1, "publication_date": "2019-12-07", "state": "published", "isbn": "1754835125", "price": "214.00", "pages": 200, "stock_count": 30, "authors": [], "tags": []}}, {"model": "app.book", "pk": 93, "fields": {"title": "Book 533", "description": null, "summary": null, "publisher": 1, "publication_date": "2019-12-07", "state": "published", "isbn": "1194762407", "price": "256.00", "pages": 200, "stock_count": 30, "authors": [], "tags": []}}, {"model": "app.book", "pk": 94, "fields": {"title": "Book 540", "description": null, "summary": null, "publisher": 6, "publication_date": "2019-12-07", "state": "cancelled", "isbn": "1008366904", "price": "251.00", "pages": 200, "stock_count": 30, "authors": [], "tags": []}}, {"model": "app.book", "pk": 95, "fields": {"title": "Book 219", "description": null, "summary": null, "publisher": 2, "publication_date": "2019-12-07", "state": "in_progress", "isbn": "4220943905", "price": "179.00", "pages": 200, "stock_count": 30, "authors": [], "tags": []}}, {"model": "app.book", "pk": 96, "fields": {"title": "Book 546", "description": null, "summary": null, "publisher": 2, "publication_date": "2019-12-07", "state": "rejected", "isbn": "1639827486", "price": "108.00", "pages": 200, "stock_count": 30, "authors": [], "tags": []}}, {"model": "app.book", "pk": 97, "fields": {"title": "Book 471", "description": null, "summary": null, "publisher": 3, "publication_date": "2019-12-07", "state": "in_progress", "isbn": "2289112187", "price": "192.00", "pages": 200, "stock_count": 30, "authors": [], "tags": []}}, {"model": "app.book", "pk": 98, "fields": {"title": "Book 578", "description": null, "summary": null, "publisher": 6, "publication_date": "2019-12-07", "state": "cancelled", "isbn": "3397185177", "price": "258.00", "pages": 200, "stock_count": 30, "authors": [], "tags": []}}, {"model": "app.book", "pk": 99, "fields": {"title": "Book 33", "description": null, "summary": null, "publisher": 2, "publication_date": "2019-12-07", "state": "published", "isbn": "4304508219", "price": "139.00", "pages": 200, "stock_count": 30, "authors": [], "tags": []}}, {"model": "app.book", "pk": 100, "fields": {"title": "Book 98", "description": null, "summary": null, "publisher": 1, "publication_date": "2019-12-07", "state": "not_published", "isbn": "2636569621", "price": "103.00", "pages": 200, "stock_count": 30, "authors": [], "tags": []}}, {"model": "app.book", "pk": 101, "fields": {"title": "Book 339", "description": null, "summary": null, "publisher": 4, "publication_date": "2019-12-07", "state": "in_progress", "isbn": "2750856465", "price": "225.00", "pages": 200, "stock_count": 30, "authors": [], "tags": []}}, {"model": "app.book", "pk": 102, "fields": {"title": "Book 358", "description": null, "summary": null, "publisher": 4, "publication_date": "2019-12-07", "state": "cancelled", "isbn": "2915833215", "price": "286.00", "pages": 200, "stock_count": 30, "authors": [], "tags": []}}, {"model": "app.book", "pk": 103, "fields": {"title": "Book 317", "description": null, "summary": null, "publisher": 2, "publication_date": "2019-12-07", "state": "rejected", "isbn": "2835442135", "price": "226.00", "pages": 200, "stock_count": 30, "authors": [], "tags": []}}, {"model": "app.book", "pk": 104, "fields": {"title": "Book 16", "description": null, "summary": null, "publisher": 1, "publication_date": "2019-12-07", "state": "in_progress", "isbn": "3452128917", "price": "236.00", "pages": 200, "stock_count": 30, "authors": [], "tags": []}}, {"model": "app.book", "pk": 105, "fields": {"title": "Book 160", "description": null, "summary": null, "publisher": 4, "publication_date": "2019-12-07", "state": "rejected", "isbn": "270522451", "price": "182.00", "pages": 200, "stock_count": 30, "authors": [], "tags": []}}, {"model": "app.book", "pk": 106, "fields": {"title": "Book 285", "description": null, "summary": null, "publisher": 2, "publication_date": "2019-12-07", "state": "not_published", "isbn": "4248511965", "price": "209.00", "pages": 200, "stock_count": 30, "authors": [], "tags": []}}, {"model": "app.book", "pk": 107, "fields": {"title": "Book 206", "description": null, "summary": null, "publisher": 4, "publication_date": "2019-12-07", "state": "published", "isbn": "477602645", "price": "194.00", "pages": 200, "stock_count": 30, "authors": [], "tags": []}}, {"model": "app.book", "pk": 108, "fields": {"title": "Book 185", "description": null, "summary": null, "publisher": 1, "publication_date": "2019-12-07", "state": "rejected", "isbn": "914777304", "price": "138.00", "pages": 200, "stock_count": 30, "authors": [], "tags": []}}, {"model": "app.book", "pk": 109, "fields": {"title": "Book 74", "description": null, "summary": null, "publisher": 3, "publication_date": "2019-12-07", "state": "published", "isbn": "291417709", "price": "140.00", "pages": 200, "stock_count": 30, "authors": [], "tags": []}}, {"model": "app.book", "pk": 110, "fields": {"title": "Book 599", "description": null, "summary": null, "publisher": 6, "publication_date": "2019-12-07", "state": "rejected", "isbn": "1607342705", "price": "258.00", "pages": 200, "stock_count": 30, "authors": [], "tags": []}}, {"model": "app.book", "pk": 111, "fields": {"title": "Book 301", "description": null, "summary": null, "publisher": 3, "publication_date": "2019-12-07", "state": "in_progress", "isbn": "2793530192", "price": "210.00", "pages": 200, "stock_count": 30, "authors": [], "tags": []}}, {"model": "app.book", "pk": 112, "fields": {"title": "Book 279", "description": null, "summary": null, "publisher": 3, "publication_date": "2019-12-07", "state": "in_progress", "isbn": "2998985806", "price": "300.00", "pages": 200, "stock_count": 30, "authors": [], "tags": []}}, {"model": "app.book", "pk": 113, "fields": {"title": "Book 633", "description": null, "summary": null, "publisher": 4, "publication_date": "2019-12-07", "state": "not_published", "isbn": "2788992079", "price": "144.00", "pages": 200, "stock_count": 30, "authors": [], "tags": []}}, {"model": "app.book", "pk": 114, "fields": {"title": "Book 50", "description": null, "summary": null, "publisher": 2, "publication_date": "2019-12-07", "state": "not_published", "isbn": "2198134214", "price": "162.00", "pages": 200, "stock_count": 30, "authors": [], "tags": []}}, {"model": "app.book", "pk": 115, "fields": {"title": "Book 442", "description": null, "summary": null, "publisher": 5, "publication_date": "2019-12-07", "state": "not_published", "isbn": "2702736819", "price": "232.00", "pages": 200, "stock_count": 30, "authors": [], "tags": []}}, {"model": "app.book", "pk": 116, "fields": {"title": "Book 188", "description": null, "summary": null, "publisher": 1, "publication_date": "2019-12-07", "state": "published", "isbn": "4156223523", "price": "116.00", "pages": 200, "stock_count": 30, "authors": [], "tags": []}}, {"model": "app.book", "pk": 117, "fields": {"title": "Book 369", "description": null, "summary": null, "publisher": 3, "publication_date": "2019-12-07", "state": "cancelled", "isbn": "1469700331", "price": "223.00", "pages": 200, "stock_count": 30, "authors": [], "tags": []}}, {"model": "app.book", "pk": 118, "fields": {"title": "Book 430", "description": null, "summary": null, "publisher": 5, "publication_date": "2019-12-07", "state": "cancelled", "isbn": "2889331293", "price": "143.00", "pages": 200, "stock_count": 30, "authors": [], "tags": []}}, {"model": "app.book", "pk": 119, "fields": {"title": "Book 278", "description": null, "summary": null, "publisher": 4, "publication_date": "2019-12-07", "state": "in_progress", "isbn": "4483809121", "price": "219.00", "pages": 200, "stock_count": 30, "authors": [], "tags": []}}, {"model": "app.book", "pk": 120, "fields": {"title": "Book 307", "description": null, "summary": null, "publisher": 3, "publication_date": "2019-12-07", "state": "not_published", "isbn": "1196355046", "price": "285.00", "pages": 200, "stock_count": 30, "authors": [], "tags": []}}, {"model": "app.book", "pk": 121, "fields": {"title": "Book 594", "description": null, "summary": null, "publisher": 1, "publication_date": "2019-12-07", "state": "published", "isbn": "1012378976", "price": "201.00", "pages": 200, "stock_count": 30, "authors": [], "tags": []}}, {"model": "app.book", "pk": 122, "fields": {"title": "Book 337", "description": null, "summary": null, "publisher": 6, "publication_date": "2019-12-07", "state": "rejected", "isbn": "550798246", "price": "167.00", "pages": 200, "stock_count": 30, "authors": [], "tags": []}}, {"model": "app.book", "pk": 123, "fields": {"title": "Book 251", "description": null, "summary": null, "publisher": 2, "publication_date": "2019-12-07", "state": "in_progress", "isbn": "2087304088", "price": "183.00", "pages": 200, "stock_count": 30, "authors": [], "tags": []}}, {"model": "app.book", "pk": 124, "fields": {"title": "Book 161", "description": null, "summary": null, "publisher": 1, "publication_date": "2019-12-07", "state": "in_progress", "isbn": "1448759211", "price": "228.00", "pages": 200, "stock_count": 30, "authors": [], "tags": []}}, {"model": "auth.permission", "pk": 1, "fields": {"name": "Can add log entry", "content_type": 1, "codename": "add_logentry"}}, {"model": "auth.permission", "pk": 2, "fields": {"name": "Can change log entry", "content_type": 1, "codename": "change_logentry"}}, {"model": "auth.permission", "pk": 3, "fields": {"name": "Can delete log entry", "content_type": 1, "codename": "delete_logentry"}}, {"model": "auth.permission", "pk": 4, "fields": {"name": "Can view log entry", "content_type": 1, "codename": "view_logentry"}}, {"model": "auth.permission", "pk": 5, "fields": {"name": "Can add permission", "content_type": 2, "codename": "add_permission"}}, {"model": "auth.permission", "pk": 6, "fields": {"name": "Can change permission", "content_type": 2, "codename": "change_permission"}}, {"model": "auth.permission", "pk": 7, "fields": {"name": "Can delete permission", "content_type": 2, "codename": "delete_permission"}}, {"model": "auth.permission", "pk": 8, "fields": {"name": "Can view permission", "content_type": 2, "codename": "view_permission"}}, {"model": "auth.permission", "pk": 9, "fields": {"name": "Can add group", "content_type": 3, "codename": "add_group"}}, {"model": "auth.permission", "pk": 10, "fields": {"name": "Can change group", "content_type": 3, "codename": "change_group"}}, {"model": "auth.permission", "pk": 11, "fields": {"name": "Can delete group", "content_type": 3, "codename": "delete_group"}}, {"model": "auth.permission", "pk": 12, "fields": {"name": "Can view group", "content_type": 3, "codename": "view_group"}}, {"model": "auth.permission", "pk": 13, "fields": {"name": "Can add user", "content_type": 4, "codename": "add_user"}}, {"model": "auth.permission", "pk": 14, "fields": {"name": "Can change user", "content_type": 4, "codename": "change_user"}}, {"model": "auth.permission", "pk": 15, "fields": {"name": "Can delete user", "content_type": 4, "codename": "delete_user"}}, {"model": "auth.permission", "pk": 16, "fields": {"name": "Can view user", "content_type": 4, "codename": "view_user"}}, {"model": "auth.permission", "pk": 17, "fields": {"name": "Can add content type", "content_type": 5, "codename": "add_contenttype"}}, {"model": "auth.permission", "pk": 18, "fields": {"name": "Can change content type", "content_type": 5, "codename": "change_contenttype"}}, {"model": "auth.permission", "pk": 19, "fields": {"name": "Can delete content type", "content_type": 5, "codename": "delete_contenttype"}}, {"model": "auth.permission", "pk": 20, "fields": {"name": "Can view content type", "content_type": 5, "codename": "view_contenttype"}}, {"model": "auth.permission", "pk": 21, "fields": {"name": "Can add session", "content_type": 6, "codename": "add_session"}}, {"model": "auth.permission", "pk": 22, "fields": {"name": "Can change session", "content_type": 6, "codename": "change_session"}}, {"model": "auth.permission", "pk": 23, "fields": {"name": "Can delete session", "content_type": 6, "codename": "delete_session"}}, {"model": "auth.permission", "pk": 24, "fields": {"name": "Can view session", "content_type": 6, "codename": "view_session"}}, {"model": "auth.permission", "pk": 25, "fields": {"name": "Can add author", "content_type": 7, "codename": "add_author"}}, {"model": "auth.permission", "pk": 26, "fields": {"name": "Can change author", "content_type": 7, "codename": "change_author"}}, {"model": "auth.permission", "pk": 27, "fields": {"name": "Can delete author", "content_type": 7, "codename": "delete_author"}}, {"model": "auth.permission", "pk": 28, "fields": {"name": "Can view author", "content_type": 7, "codename": "view_author"}}, {"model": "auth.permission", "pk": 29, "fields": {"name": "Can add publisher", "content_type": 8, "codename": "add_publisher"}}, {"model": "auth.permission", "pk": 30, "fields": {"name": "Can change publisher", "content_type": 8, "codename": "change_publisher"}}, {"model": "auth.permission", "pk": 31, "fields": {"name": "Can delete publisher", "content_type": 8, "codename": "delete_publisher"}}, {"model": "auth.permission", "pk": 32, "fields": {"name": "Can view publisher", "content_type": 8, "codename": "view_publisher"}}, {"model": "auth.permission", "pk": 33, "fields": {"name": "Can add Tag", "content_type": 9, "codename": "add_tag"}}, {"model": "auth.permission", "pk": 34, "fields": {"name": "Can change Tag", "content_type": 9, "codename": "change_tag"}}, {"model": "auth.permission", "pk": 35, "fields": {"name": "Can delete Tag", "content_type": 9, "codename": "delete_tag"}}, {"model": "auth.permission", "pk": 36, "fields": {"name": "Can view Tag", "content_type": 9, "codename": "view_tag"}}, {"model": "auth.permission", "pk": 37, "fields": {"name": "Can add book", "content_type": 10, "codename": "add_book"}}, {"model": "auth.permission", "pk": 38, "fields": {"name": "Can change book", "content_type": 10, "codename": "change_book"}}, {"model": "auth.permission", "pk": 39, "fields": {"name": "Can delete book", "content_type": 10, "codename": "delete_book"}}, {"model": "auth.permission", "pk": 40, "fields": {"name": "Can view book", "content_type": 10, "codename": "view_book"}}, {"model": "auth.user", "pk": 1, "fields": {"password": "pbkdf2_sha256$150000$Wsx1JIeLP04t$/+Jahget8PMs3vFA8QoiUaX2IBzfHtdEjprrHVc1+lU=", "last_login": "2019-12-06T22:42:42.057Z", "is_superuser": true, "username": "q", "first_name": "", "last_name": "", "email": "", "is_staff": true, "is_active": true, "date_joined": "2019-12-06T22:42:38.272Z", "groups": [], "user_permissions": []}}, {"model": "admin.logentry", "pk": 1, "fields": {"action_time": "2019-12-06T22:45:53.306Z", "user": 1, "content_type": 9, "object_id": "1", "object_repr": "test", "action_flag": 1, "change_message": "[{\"added\": {}}]"}}]